{
  "user": [
    {
      "discordID": "",
      "username": "",
      "wax": "burned"
    },
    {
      "discordID": "388760469235695618",
      "username": "Pasha",
      "wax": "liqbu.wam"
    },
    {
      "discordID": "458285458854772736",
      "username": "AndrejShopa",
      "wax": "nb4pm.wam"
    },
    {
      "discordID": "160090365859201024",
      "username": "Jensen",
      "wax": "edoxo.wam"
    },
    {
      "discordID": "256966131888160778",
      "username": "Cubos#8169",
      "wax": "nex.e.c.wam"
    },
    {
      "discordID": "325392426791469058",
      "username": "Ivan | Warsaken #2492",
      "wax": "tl.ba.wam"
    },
    {
      "discordID": "592790887000440870",
      "username": "Soulkanar🚀#8023",
      "wax": "1bkb4.wam"
    },
    {
      "discordID": "928236197078269963",
      "username": "Lord Xavier",
      "wax": "kyh.q.c.wam"
    },
    {
      "discordID": "833760043613814845",
      "username": "Zarah Zivai Dani_elle#2500",
      "wax": "p2phe.wam"
    },
    {
      "discordID": "293029598327865354",
      "username": "malxrd#4483",
      "wax": "s4yra.wam"
    },
    {
      "discordID": "",
      "username": "Viski | AnonymousTeam?#5689",
      "wax": "2.vlc.c.wam"
    },
    {
      "discordID": "467792651807358996",
      "username": "Dan22#8179",
      "wax": "1sbug.wam"
    },
    {
      "discordID": "296682808036818946",
      "username": "yuki78#3404",
      "wax": "ysyie.wam"
    },
    {
      "discordID": "513143881626288129",
      "username": "madinrno#3260",
      "wax": "madinrno4wax"
    },
    {
      "discordID": "417255651614523392",
      "username": "UltraDec#2844",
      "wax": "lphb2.wam"
    },
    {
      "discordID": "411568448259227649",
      "username": "CerealKilled#3351",
      "wax": "hmpqy.wam"
    },
    {
      "discordID": "404039448964104222",
      "username": "DCPO_USN#4745",
      "wax": "tqxrg.wam"
    },
    {
      "discordID": "444421947133263892",
      "username": "warken#8567",
      "wax": "rkmxo.wam"
    },
    {
      "discordID": "462226483004571688",
      "username": "THC#0001",
      "wax": "51.ea.wam"
    },
    {
      "discordID": "825145666145222678",
      "username": "ChaosTheorX#7374",
      "wax": "gzxfw.wam"
    },
    {
      "discordID": "891950802158096425",
      "username": "llbamf#8389",
      "wax": "anlhe.wam"
    },
    {
      "discordID": "863473243897462844",
      "username": "!zubi#2515",
      "wax": "qknho.wam"
    },
    {
      "discordID": "360801744755621888",
      "username": "dodolllka#5069",
      "wax": "nwsxa.wam"
    },
    {
      "discordID": "444877947581759488",
      "username": "Greebnik#0560",
      "wax": "greebnikwaxp"
    },
    {
      "discordID": "865263085703004162",
      "username": "Kokoy#5551",
      "wax": "s2ovs.wam"
    },
    {
      "discordID": "530409217438384143",
      "username": "@themxracer121 #8554",
      "wax": "rallycardsr1"
    },
    {
      "discordID": "417686354709839882",
      "username": "sandzo101#8096",
      "wax": "jo4hk.wam"
    },
    {
      "discordID": "123645547058823168",
      "username": "Stolen Goods#4036",
      "wax": "stlngds.gm"
    },
    {
      "discordID": "839200976401072169",
      "username": "Mark Rockwell skye06#9059",
      "wax": ".vnv4.wam"
    },
    {
      "discordID": "418207934041030676",
      "username": "shutterthugdc#8267",
      "wax": "mexro.wam"
    },
    {
      "discordID": "867389331072483348",
      "username": "Patrick.Hangarter#4259",
      "wax": "vlad1impaler"
    },
    {
      "discordID": "282264496679157761",
      "username": "R1zzler#4473",
      "wax": "srvw4.wam"
    },
    {
      "discordID": "707726922922328203",
      "username": "Pizle#4770",
      "wax": "xxbra.wam"
    },
    {
      "discordID": "608939813084725258",
      "username": "AidanChrizT#2023",
      "wax": "lftxk.wam"
    },
    {
      "discordID": "607698829197967406",
      "username": "Daniel-gdc",
      "wax": "danielgdc.gm"
    },
    {
      "discordID": "331429186084536324",
      "username": "Snaasi#2536",
      "wax": "snaasi.gm"
    },
    {
      "discordID": "710128631669850254",
      "username": "Farmer#7620",
      "wax": "oidty.wam"
    },
    {
      "discordID": "272641800492023818",
      "username": "EasilyKilled#4046",
      "wax": "oeymq.c.wam"
    },
    {
      "discordID": "818168790302195732",
      "username": "cmcski123#7877",
      "wax": "ijqrk.wam"
    },
    {
      "discordID": "",
      "username": "REAPER ebee#0207",
      "wax": "hvpec.wam"
    },
    {
      "discordID": "711292452371431443",
      "username": "DrMist#4284",
      "wax": "dismistone23"
    },
    {
      "discordID": "879950240826941450",
      "username": "yam08#8784",
      "wax": "mzbjo.wam"
    },
    {
      "discordID": "305532103091552257",
      "username": "Zero_EXP#0439",
      "wax": "zerogamingxp"
    },
    {
      "discordID": "816488665479249930",
      "username": "@ichal blues😎#5139",
      "wax": "sbnr2.wam"
    },
    {
      "discordID": "900055752302030889",
      "username": "HackedDave#0001",
      "wax": "ewfis.wam"
    },
    {
      "discordID": "227548125559128065",
      "username": "seedmaster101#7925",
      "wax": "seedmaster11"
    },
    {
      "discordID": "762622454933487627",
      "username": "Signis#2857",
      "wax": "vjyy2.wam"
    },
    {
      "discordID": "704029037667942432",
      "username": "WizzO87#8085",
      "wax": "pl3rc.wam"
    },
    {
      "discordID": "420429627832532992",
      "username": "Relaylogix#8335",
      "wax": "pdrr2.wam"
    },
    {
      "discordID": "121001152451051523",
      "username": "motorkar#6043",
      "wax": "zuol.wam"
    },
    {
      "discordID": "740156167346716712",
      "username": "Flame#8655",
      "wax": "x2nww.wam"
    },
    {
      "discordID": "404039448964104222",
      "username": "DCPO_USN#4745",
      "wax": "tqxrg.wam"
    },
    {
      "discordID": "",
      "username": "FelaFemi#8317",
      "wax": "Klwgq.wam"
    },
    {
      "discordID": "",
      "username": "Karthikeyan#4783",
      "wax": ".e1ho.wam"
    },
    {
      "discordID": "887677478305415198",
      "username": "Ed1n",
      "wax": "dcvha.wam"
    },
    {
      "discordID": "795339318150823937",
      "username": "golfer8482#6422",
      "wax": "3rqr4.wam"
    },
    {
      "discordID": "282714181021466625",
      "username": "Tarsa OP#5858",
      "wax": "3.ajw.wam"
    },
    {
      "discordID": "364978956270698497",
      "username": "XxSPARKYxX#0014",
      "wax": "zx2ra.wam"
    },
    {
      "discordID": "852422876098854973",
      "username": "VOLDEMORT#3011",
      "wax": "za3h4.wam"
    },
    {
      "discordID": "809233309526786068",
      "username": "Coleman | Warsaken #5161",
      "wax": "c.5qw.wam"
    },
    {
      "discordID": "",
      "username": "petyx#7346",
      "wax": "lfryw.wam"
    },
    {
      "discordID": "400148288608665601",
      "username": "DaM00finMan#0848",
      "wax": "damoofinman1"
    },
    {
      "discordID": "424026748561129473",
      "username": "Micakers/Mrs. Muffin#9057",
      "wax": "eylz.wam"
    },
    {
      "discordID": "874289599571181650",
      "username": "PryncezRenzo",
      "wax": "3wsgw.wam"
    },
    {
      "discordID": "809771325677240340",
      "username": "Zeldris#0183",
      "wax": "xafga.wam"
    },
    {
      "discordID": "505898080416038956",
      "username": "Sevi#7908",
      "wax": "2ifle.c.wam"
    },
    {
      "discordID": "340280380999598082",
      "username": "GoodTrouble",
      "wax": "xeqho.wam"
    },
    {
      "discordID": "340503618832564224",
      "username": "Brandon | Warsaken",
      "wax": ".lgbs.wam"
    },
    {
      "discordID": "209452945136287754",
      "username": "GingerRants89",
      "wax": "drzlq.c.wam"
    },
    {
      "discordID": "475132942541258752",
      "username": "moondustBunny",
      "wax": "kalubianmoon"
    },
    {
      "discordID": "832807946672799815",
      "username": "DirtyP",
      "wax": "mrjg2.wam"
    },
    {
      "discordID": "884879778899959870",
      "username": "Scorpio(Nasir)",
      "wax": "ngzh4.wam"
    },
    {
      "discordID": "327201675234246666",
      "username": "Flaxxi",
      "wax": "ocjws.wam"
    },
    {
      "discordID": "835443907117711360",
      "username": "KnightDragon",
      "wax": "pssv2.wam"
    },
    {
      "discordID": "398588367169781770",
      "username": "Odin7557",
      "wax": "dzbc4.wam"
    },
    {
      "discordID": "398952919736516608",
      "username": "ShooterMcGavin",
      "wax": "su2ay.wam"
    },
    {
      "discordID": "340334389718155275",
      "username": "Matt | Warsaken",
      "wax": "4u1ho.wam"
    },
    {
      "discordID": "290945957128962048",
      "username": "Mongus",
      "wax": "mwti.wam"
    },
    {
      "discordID": "745610740018315314",
      "username": "AdlEire",
      "wax": "gwqqw.wam"
    },
    {
      "discordID": "496752026198474772",
      "username": "NashvilleLou",
      "wax": ".fzqy.wam"
    },
    {
      "discordID": "749694450363793468",
      "username": "Makur Key",
      "wax": "vzp34.c.wam"
    },
    {
      "discordID": "896295970868953089",
      "username": "Prisoner",
      "wax": "prisoner.gm"
    },
    {
      "discordID": "526377822495703040",
      "username": "Clover#1498",
      "wax": "lsrvm.wam"
    },
    {
      "discordID": "868815316485025843",
      "username": "minix300#4217",
      "wax": "mzssa.wam"
    },
    {
      "discordID": "610056635309621248",
      "username": "TofuTitan",
      "wax": "nnxqy.wam"
    },
    {
      "discordID": "324095755713511424",
      "username": "Back3rs",
      "wax": "sqsz.wam"
    },
    {
      "discordID": "420810200128421901",
      "username": "ZeHeL24",
      "wax": "onmxk.wam"
    },
    {
      "discordID": "740832196927160320",
      "username": "Deccimo",
      "wax": "ecyxo.wam"
    },
    {
      "discordID": "489755732317831168",
      "username": "saj_ak",
      "wax": "sh3aw.wam"
    },
    {
      "discordID": "874618397600649236",
      "username": "P Double E W Double E",
      "wax": "yl.k4.c.wam"
    },
    {
      "discordID": "708326248522448996",
      "username": "dkrin007",
      "wax": "cpax.wam"
    },
    {
      "discordID": "752487085788627024",
      "username": "LanaSvet",
      "wax": "5n3bo.wam"
    },
    {
      "discordID": "878927337784233994",
      "username": "Shey730",
      "wax": "vuogw.wam"
    },
    {
      "discordID": "551789559747313742",
      "username": "jhongztig",
      "wax": "laaw.wam"
    },
    {
      "discordID": "143458097652957196",
      "username": "Quadrell",
      "wax": "y2sri.wam"
    },
    {
      "discordID": "811599792944840744",
      "username": "NeuralPaint",
      "wax": "neural.gm"
    },
    {
      "discordID": "118923557265735680",
      "username": "Kron",
      "wax": "zp2aw.wam"
    },
    {
      "discordID": "824903218718441533",
      "username": "muzakaheuay",
      "wax": "mlrue.wam"
    },
    {
      "discordID": "572018002162089984",
      "username": "Krish",
      "wax": "zh3b2.wam"
    },
    {
      "discordID": "645720774635946012",
      "username": "Dan | Warsaken",
      "wax": ".uorg.wam"
    },
    {
      "discordID": "783811913640968223",
      "username": "General_Discharge",
      "wax": "bzihy.wam"
    },
    {
      "discordID": "529059371326373898",
      "username": "cleanhamburger",
      "wax": "s4ssm.wam"
    },
    {
      "discordID": "863000290859941898",
      "username": "Maari",
      "wax": "delhm.wam"
    },
    {
      "discordID": "284882880394690562",
      "username": "LilRizzon",
      "wax": "myg.a.c.wam"
    },
    {
      "discordID": "814303072498483210",
      "username": "kryptookn1ght#3193",
      "wax": "31hg.wam"
    },
    {
      "discordID": "866555640482103307",
      "username": "RedjYong - Red-CX5",
      "wax": "qodcc.wam"
    },
    {
      "discordID": "343683309366280194",
      "username": "RumRunner",
      "wax": "tkaxi.wam"
    },
    {
      "discordID": "890966460967567441",
      "username": "TurboSnL2123",
      "wax": "oophe.wam"
    },
    {
      "discordID": "343747229653139457",
      "username": "RiverKingFisher",
      "wax": "waximaximoon"
    },
    {
      "discordID": "435295436677578765",
      "username": "Solo",
      "wax": "solomonmilky"
    },
    {
      "discordID": "747537534937989260",
      "username": "panni#2000",
      "wax": "eaeng.c.wam"
    },
    {
      "discordID": "249059186116263936",
      "username": "grimeyg#5196",
      "wax": "3kmxa.wam"
    },
    {
      "discordID": "330730316744491008",
      "username": "Antikilla",
      "wax": "nnn2.wam"
    },
    {
      "discordID": "476776745530425344",
      "username": "404CodeLeaf",
      "wax": "ayxrg.wam"
    },
    {
      "discordID": "258496652485197826",
      "username": "Ron | rdcrax",
      "wax": "v4qfi.wam"
    },
    {
      "discordID": "",
      "username": "NeuralPaint Wife",
      "wax": "neurali.gm"
    },
    {
      "discordID": "269209673205284876",
      "username": "ricardooow",
      "wax": "ricardooowio"
    },
    {
      "discordID": "296815471305687050",
      "username": "SamueL",
      "wax": "voebw.wam"
    },
    {
      "discordID": "557830030265286678",
      "username": "Mystfang",
      "wax": "gf3xg.wam"
    },
    {
      "discordID": "930041000322289684",
      "username": "wjschuch",
      "wax": "wesleyschuch"
    },
    {
      "discordID": "359438059567185922",
      "username": "dhronved12",
      "wax": "ck2ue.wam"
    },
    {
      "discordID": "326853235614810122",
      "username": "Kongen",
      "wax": "kongenemilio"
    },
    {
      "discordID": "419279595926192128",
      "username": "HellaciousZ",
      "wax": "ogde4.wam"
    },
    {
      "discordID": "747378447420227675",
      "username": "LethalDrEvil",
      "wax": "m2jgm.wam"
    },
    {
      "discordID": "833760043613814845",
      "username": "Zarah Zivai Dani_elle#2500",
      "wax": "ltzarahzivai"
    },
    {
      "discordID": "",
      "username": "",
      "wax": ""
    },
    {
      "discordID": "",
      "username": "",
      "wax": ""
    },
    {
      "discordID": "",
      "username": "",
      "wax": ""
    },
    {
      "discordID": "",
      "username": "",
      "wax": ""
    },
    {
      "discordID": "",
      "username": "",
      "wax": ""
    },
    {
      "discordID": "",
      "username": "",
      "wax": ""
    },
    {
      "discordID": "",
      "username": "",
      "wax": ""
    },
    {
      "discordID": "",
      "username": "",
      "wax": ""
    },
    {
      "discordID": "",
      "username": "",
      "wax": ""
    },
    {
      "discordID": "",
      "username": "",
      "wax": ""
    },
    {
      "discordID": "",
      "username": "",
      "wax": ""
    },
    {
      "discordID": "",
      "username": "",
      "wax": ""
    },
    {
      "discordID": "",
      "username": "",
      "wax": ""
    },
    {
      "discordID": "",
      "username": "",
      "wax": ""
    }
  ]
}